"image_file","box0","box1","box2","box3","box4"
"Comb_Medicine2.png", "{""height"": 27, ""y"": 52, ""label"": ""Abbott"", ""width"": 29, ""x"": 46}","{""height"": 23, ""y"": 45, ""label"": ""Abbott"", ""width"": 27, ""x"": 283}","{""height"": 30, ""y"": 278, ""label"": ""Pfizer"", ""width"": 43, ""x"": 61}","{""height"": 36, ""y"": 245, ""label"": ""Abbott"", ""width"": 23, ""x"": 384}","{""height"": 43, ""y"": 361, ""label"": ""Pfizer"", ""width"": 55, ""x"": 606}"
"Comb_Medicine2_GRAY.png", "{""height"": 27, ""y"": 52, ""label"": ""Abbott"", ""width"": 29, ""x"": 46}","{""height"": 23, ""y"": 45, ""label"": ""Abbott"", ""width"": 27, ""x"": 283}","{""height"": 30, ""y"": 278, ""label"": ""Pfizer"", ""width"": 43, ""x"": 61}","{""height"": 36, ""y"": 245, ""label"": ""Abbott"", ""width"": 23, ""x"": 384}","{""height"": 43, ""y"": 361, ""label"": ""Pfizer"", ""width"": 55, ""x"": 606}"
"Comb_Medicine2_RGB.png", "{""height"": 27, ""y"": 52, ""label"": ""Abbott"", ""width"": 29, ""x"": 46}","{""height"": 23, ""y"": 45, ""label"": ""Abbott"", ""width"": 27, ""x"": 283}","{""height"": 30, ""y"": 278, ""label"": ""Pfizer"", ""width"": 43, ""x"": 61}","{""height"": 36, ""y"": 245, ""label"": ""Abbott"", ""width"": 23, ""x"": 384}","{""height"": 43, ""y"": 361, ""label"": ""Pfizer"", ""width"": 55, ""x"": 606}"
"Comb_Medicine2_XYZ.png", "{""height"": 27, ""y"": 52, ""label"": ""Abbott"", ""width"": 29, ""x"": 46}","{""height"": 23, ""y"": 45, ""label"": ""Abbott"", ""width"": 27, ""x"": 283}","{""height"": 30, ""y"": 278, ""label"": ""Pfizer"", ""width"": 43, ""x"": 61}","{""height"": 36, ""y"": 245, ""label"": ""Abbott"", ""width"": 23, ""x"": 384}","{""height"": 43, ""y"": 361, ""label"": ""Pfizer"", ""width"": 55, ""x"": 606}"
"GranComb_Medicine.png", "{""height"": 25, ""y"": 52, ""label"": ""Abbott"", ""width"": 30, ""x"": 45}","{""height"": 26, ""y"": 42, ""label"": ""Abbott"", ""width"": 28, ""x"": 283}","{""height"": 44, ""y"": 100, ""label"": ""Pfizer"", ""width"": 66, ""x"": 604}","{""height"": 43, ""y"": 306, ""label"": ""Abbott"", ""width"": 54, ""x"": 100}","{""height"": 23, ""y"": 472, ""label"": ""Abbott"", ""width"": 25, ""x"": 598}"
"GranComb_Medicine_GRAY.png", "{""height"": 25, ""y"": 52, ""label"": ""Abbott"", ""width"": 30, ""x"": 45}","{""height"": 26, ""y"": 42, ""label"": ""Abbott"", ""width"": 28, ""x"": 283}","{""height"": 44, ""y"": 100, ""label"": ""Pfizer"", ""width"": 66, ""x"": 604}","{""height"": 43, ""y"": 306, ""label"": ""Abbott"", ""width"": 54, ""x"": 100}","{""height"": 23, ""y"": 472, ""label"": ""Abbott"", ""width"": 25, ""x"": 598}"
"GranComb_Medicine_RGB.png", "{""height"": 25, ""y"": 52, ""label"": ""Abbott"", ""width"": 30, ""x"": 45}","{""height"": 26, ""y"": 42, ""label"": ""Abbott"", ""width"": 28, ""x"": 283}","{""height"": 44, ""y"": 100, ""label"": ""Pfizer"", ""width"": 66, ""x"": 604}","{""height"": 43, ""y"": 306, ""label"": ""Abbott"", ""width"": 54, ""x"": 100}","{""height"": 23, ""y"": 472, ""label"": ""Abbott"", ""width"": 25, ""x"": 598}"
"GranComb_Medicine_XYZ.png", "{""height"": 25, ""y"": 52, ""label"": ""Abbott"", ""width"": 30, ""x"": 45}","{""height"": 26, ""y"": 42, ""label"": ""Abbott"", ""width"": 28, ""x"": 283}","{""height"": 44, ""y"": 100, ""label"": ""Pfizer"", ""width"": 66, ""x"": 604}","{""height"": 43, ""y"": 306, ""label"": ""Abbott"", ""width"": 54, ""x"": 100}","{""height"": 23, ""y"": 472, ""label"": ""Abbott"", ""width"": 25, ""x"": 598}"
"GranComb_Medicine2.png", "{""height"": 52, ""y"": 516, ""label"": ""Pfizer"", ""width"": 89, ""x"": 130}","{""height"": 30, ""y"": 64, ""label"": ""Pfizer"", ""width"": 54, ""x"": 550}","{""height"": 29, ""y"": 255, ""label"": ""Pfizer"", ""width"": 57, ""x"": 615}","{""height"": 25, ""y"": 665, ""label"": ""Abbott"", ""width"": 20, ""x"": 834}","{""height"": 41, ""y"": 439, ""label"": ""Abbott"", ""width"": 44, ""x"": 632}"
"GranComb_Medicine2_GRAY.png", "{""height"": 52, ""y"": 516, ""label"": ""Pfizer"", ""width"": 89, ""x"": 130}","{""height"": 30, ""y"": 64, ""label"": ""Pfizer"", ""width"": 54, ""x"": 550}","{""height"": 29, ""y"": 255, ""label"": ""Pfizer"", ""width"": 57, ""x"": 615}","{""height"": 25, ""y"": 665, ""label"": ""Abbott"", ""width"": 20, ""x"": 834}","{""height"": 41, ""y"": 439, ""label"": ""Abbott"", ""width"": 44, ""x"": 632}"
"GranComb_Medicine2_RGB.png", "{""height"": 52, ""y"": 516, ""label"": ""Pfizer"", ""width"": 89, ""x"": 130}","{""height"": 30, ""y"": 64, ""label"": ""Pfizer"", ""width"": 54, ""x"": 550}","{""height"": 29, ""y"": 255, ""label"": ""Pfizer"", ""width"": 57, ""x"": 615}","{""height"": 25, ""y"": 665, ""label"": ""Abbott"", ""width"": 20, ""x"": 834}","{""height"": 41, ""y"": 439, ""label"": ""Abbott"", ""width"": 44, ""x"": 632}"
"GranComb_Medicine2_XYZ.png", "{""height"": 52, ""y"": 516, ""label"": ""Pfizer"", ""width"": 89, ""x"": 130}","{""height"": 30, ""y"": 64, ""label"": ""Pfizer"", ""width"": 54, ""x"": 550}","{""height"": 29, ""y"": 255, ""label"": ""Pfizer"", ""width"": 57, ""x"": 615}","{""height"": 25, ""y"": 665, ""label"": ""Abbott"", ""width"": 20, ""x"": 834}","{""height"": 41, ""y"": 439, ""label"": ""Abbott"", ""width"": 44, ""x"": 632}"